DECAGEN,DENAGEN,DENAGEA,DECQUAL,DECJOUR,DECCENT,DECDELEG,PDA
1020,MOKNI  MOHAMED,гЌгѕ «бгядн,H,2,1,15,
1021,HAMZAOUI  BECHIR,«б»‘н— «бЌг“«жн,H,2,1,10,1
1022,SAMI MECHI,”«гн «бг‘н,H,6,1,15,6
1023,REGUEM  IMAD,Џг«ѕ  —ё«г,H,2,1,15,7
1031,CHAMESDINE THABET,‘г” «бѕнд «бЋ«» ,H,2,1,11,
1032,ALI  OUERGHEMMI,Џбн «бж—џгн,H,2,2,13,25
1033,HATEM IBRAHIM,Ќ« г ≈»—«енг,L,2,1,15,
1034,MOHAMED BEN BECHIR  ZAL,гЌгѕ »д «б»‘н— “б,H,2,2,13,39
1035,SLAHEDDINE BELKHIRIA,’б«Ќ «бѕнд »«бќн—н…,H,2,1,15,
1036,BALIGH BELGHITH,»бнџ »бџнЋ,H,2,1,2,
1037,NIZAR  RAYEN,д“«— —нш«д,H,2,1,15,
1038,ABDELMAJID  JBILI,Џ»ѕ «бгћнѕ «бћ»нбн,H,2,2,13,
1039,ADEL FATNASSI,Џ«ѕб «бЁЎд«”н,H,2,2,13,
1040,BOUGUILA MED,гЌгѕ »жёнб…,H,2,1,1,
1041,SLAHEDDINE  BOUBAKER,’б«Ќ «бѕнд »ж»я—,H,2,1,14,
1043,MOHAMED ABDELWAHEB  ALLANI,гЌгѕ Џ»ѕ «бже«» «бЏб«дн,H,2,2,13,
1045,ABDERRAHIM  SBOUI,Џ»ѕ «б—Ќнг «б”»жЏн,H,2,1,6,
1047,SGHAIR  SAGHROUN,«б’џн— ’џ—жд,H,2,1,7,48
1048,MAKRAM REZGANI,гя—г «б—“ё«дн,H,2,2,13,
1049,BADER  CHALLOUF,»ѕ—«б»—ё«жн,H,2,1,13,
1050,MOURAD  MOKNI,г—«ѕ гядн,H,2,2,13,27
1051,MAROUAN JAMMALI,г—ж«д «бћг«бн,L,2,2,13,
1054,FREDJ   BOURAOUI,Ё—ћ »ж—«жн,H,2,1,7,48
1055,FATEH  MENSI,Ё« Ќ г«д”н,H,2,1,1,
1056,ALI  KHELIFI,Џбн ќбЁн,H,2,1,10,
1057,NIZAR   ARFAOUI,д“«— «бЏ—Ё«жн,H,2,1,2,
1058,CHOKRI  EDDOREI,‘я—н ѕ—Џн,H,2,2,13,
1060,SAID YAHYAOUI,”Џнѕ нЌн«жн,H,2,1,7,48
1061,FATHI  YAZIDI,Ё Ќн н“нѕн,H,2,1,1,
1062,RAFAA NHARI,—«ЁЏ «бде«—н,H,1,1,15,
1063,MONCEF  SELMI,гд’Ё «б”«бгн,H,2,1,15,
1064,MUSTAPHA  KHARDANI,г’ЎЁм ќ—ѕ«дн,H,2,1,14,
1072,ANIS  HAMDI,√дн” Ќ«гѕн,H,2,1,15,
1074,MOHAMED DERBEL,гЌгѕ ѕ—»«б,H,2,1,6,
1075,NAIM  SOUIDEN,дЏнг ”жнѕ«д,H,2,1,15,
1076,ALI  HAMDI,Џбн Ќ«гѕн,H,2,1,15,9
1080,MOHAMED  HMAIDI,гЌгѕ Ќг«нѕн,H,2,2,13,32
1082,AYMEN  DHIFLAOUI,√нгд ÷нЁб«жн,H,7,1,13,10
1083,ALI  GHARSALLAOUI,Џбн џ—”б«жн,H,2,1,14,61
1084,SABER MIGHRI,’«»— гнџ—н,H,2,1,11,
1086,HICHEM  CHANNOUF,е‘«г ‘джЁ,H,2,1,1,
1087,CHOKRI  GRIOUI,‘я—н «бё—нжн,H,2,1,15,33
1088,RAFIK KAABI,—Ёнё «бяЏ»н,H,2,1,1,
1089,RIDHA  OUERFELLI,—÷« «бж—Ёбн,H,2,1,13,
1094,LOTFI  BOUSETTA,бЎЁн »ж” …,H,2,2,13,
1095,IBRAHIM  HEDFI,≈»—«енг е«ѕЁн,H,2,1,4,12
1096,NIZAR  MIRAOUI,д“«— гн—«жн,H,2,1,15,
1097,ABDELKARIM  JAMLI,Џ»ѕ «бя—нг ћгбн,H,2,1,11,
1099,TAREK HAMDI,Ў«—ё Ќгѕн,H,2,1,3,54
1100,BORHANE  CHORTANI,»—е«д ‘—Ў«дн,H,2,1,15,
1101,ZIED ABDELKEFI,“н«ѕ Џ»ѕ «бя«Ён,H,2,1,15,
1102,FATHI  CHARFI,Ё Ќн ‘—Ён,H,2,1,10,
1103,RABII JAOUADI,—»нЏ «бћж«ѕн,H,2,2,13,
1104,AMOR  GASMI,Џг— «бё«”гн,H,2,1,10,
1105,MOUNIR  ABOUDI,гдн— Џ»жѕн,H,2,1,10,
1106,CHAHER  CHATI,‘«е— ‘Ўн,H,2,1,1,
1108,IMED  JAWAHDOU,Џг«ѕ ћ«Ѕ жЌѕе,H,2,1,15,
1109,NOUREDDINE  METHNANI,дж— «бѕнд гЋд«дн,H,2,1,2,
1110,MOHAMED SAHBI  HAMDI,гЌгѕ «б’Ќ»н «бЌгѕн,H,2,1,13,
1111,HAMMADI  REBII,Ќг«ѕн —»Џн,H,2,2,13,66
1114,MOHAMED ALI  GUERFALA,гЌгѕ Џбн ё—Ё«б…,H,3,2,13,
1118,FATHI  KHARDANI,Ё Ќн ќ—ѕ«дн,H,2,1,14,43
1119,SAMI GUIZANI,”«гн «бён“«дн,H,2,1,15,
1120,SLIM  HMOUDA,”бнг √Ќгжѕ…,H,2,1,15,
1121,HAFEDH  HARROUM,Ќ«Ёў е—жг,H,5,1,15,
1122,MOHAMED  KHALFAOUI,гЌгѕ «бќбЁ«жн,H,2,1,2,
1123,ALI  KHALFAOUI,Џбн ќбЁ«жн,H,2,1,4,
1127,ADNENE  HATTAB,Џѕд«д ЌЎ«»,H,2,2,13,
1128,WISSEM  GHRIBI,ж”«г џ—н»н,H,2,1,14,
1130,NAJIB  HAMDI,дћн» «бЌ«гѕн,H,2,1,6,
1131,MOHAMED  FATNASSI,гЌгѕ «бЁЎд«”н,H,2,1,15,
1132,MAROUENE  METHNANI,г—ж«д «бгЋд«дн,H,2,1,13,31
1133,HAMZA  SELMI,Ќг“… «б”«бгн,H,5,1,15,
1134,MAHMOUD  ABDELKAFI,гЌгжѕ Џ»ѕ «бя«Ён,H,2,1,15,
1139,MOHAMED  SFAXI,гЌгѕ «б’Ё«ё”н,H,2,1,15,
1141,RIDHA  MENSI,—÷« г«д”н,H,2,1,4,
1150,AMARA  CHERIF,Џг«—… ‘—нЁ,H,2,1,1,
1156,SABER  SELMI,’«»— ”«бгн,H,2,1,2,56
1157,MOHAMED ALI  DORAI,гЌгѕ Џбн ѕ—Џн,H,2,1,3,
1159,FREJ  GARRAOUI,Ё—ћ ё—«жн,H,2,1,4,53
1185,RIDHA  AGRBAOUI,—÷« «бЏё—»«жн,H,2,1,4,53
1187,LAZHAR  CHATBRI,«б√“е— ‘Ў»—н,H,2,1,11,
1192,MAHER  OUSELATI,г«е— «бж”б« н,H,2,2,13,
1193,MOHAMED SAID  HARRATHI,гЌгѕ «б”нѕ Ќ—«Ћн,H,2,1,15,
1194,MOHSEN KHELIFI,гЌ”д «бќбнЁн,H,2,1,4,
1195,MORAD  ABDELLAOUI,г—«ѕ Џ»ѕ б«жн,H,2,1,10,
1196,LAZHER  TALBI,«б√“е— «бЎ«б»н,H,2,1,11,
1197,TAOUFIK SAFSAFI, жЁнё ”Ё”«Ён,H,2,1,10,
1198,ABDERRAHIM  HAMDI,Џ»ѕ «б—Ќнг «бЌгѕн,H,2,2,13,
1199,MOHAMED JAMEL  DHOUIBI,гЌгѕ ћг«б «б–жн»н,H,2,1,15,
1204,WISEM  CHOUCHEM,ж”«г ‘ж‘«д,H,7,2,13,
1205,MOHAMED ALI  ROMDHANI,гЌгѕ Џбн «б—г÷«дн,H,2,1,15,8
1206,BILEL  CHAHER,»б«б «б‘«е—,H,2,2,13,44
1220,MUSTAPHA  HELALI,г’ЎЁм «беб«бн,H,2,1,15,
1223,TAOUFIK MAKHLOUFI, жЁнё гќбжЁн,H,2,1,3,17
1224,NACEUR  TALBI,«бд«’— «бЎ«б»н,H,2,2,13,34
1225,MED SALAH  HAMZAOUI,гЌгѕ «б’«бЌ Ќг“«жн,H,2,1,10,
1226,SALAH  MELLASSI,’«бЌ «бгб«”н,H,2,1,4,
1227,ALI  BENNOUR,Џбн »дж—,H,2,2,13,
1228,ISMAIL BELGAEID,«”г«Џнб »бё«нѕ,H,6,1,1,
1229,MOHAMED  ABBASSI,гЌгѕ Џ»«”н,H,3,1,15,
1230,NACEUR  BOUGHABA,«бд«’— »жџ«»…,H,4,1,15,
1232,YOUSSEF  ZAIRI,нж”Ё «б“«∆—н,H,2,1,15,
1234,MOHAMED  CHAMKHI,гЌгѕ ‘«гќн,H,2,2,13,
1235,HAMZA BEN HSSEN  SELMI,Ќг“… »д Ќ”д ”«бгн,H,4,1,15,
1236,RABII  BELLARA,—»нЏ »б«—…,H,2,1,6,
1237,AYMEN  BEN ABDELAFOU,√нгд »д Џ»ѕ «бЏЁж,H,2,1,1,
1238,MOHAMED  MEZRIOUI,гЌгѕ «бг“—нжн,H,2,2,13,23
1239,ABDESSALEM  GUESMI,Џ»ѕ «б”б«г ё«”гн,H,2,1,13,35
1244,SOUFIENE  SAIIDANIE,”Ён«д «б”Џнѕ«дн,H,2,1,3,54
1255,MOHAMED  WERGHEMI,гЌгѕ «бж—џгн,H,2,2,13,28
1256,MAHMOUD  BEN BEY,гЌгжѕ »д »«н,H,7,1,2,
1257,RAMZI  HARRATHI,—г“н Ќ—«Ћн,H,3,1,1,15
1258,YOSRI  FATNASSI,н”—н «бЁЎд«”н,H,2,1,15,
1259,MOHAMED  ESSID,гЌгѕ «б’нѕ,H,1,1,15,
1260,HAMDI  HAMZAOUI,Ќгѕн Ќг“«жн,H,2,2,13,36
1261,MOHAMED WAJDI  LABEN,гЌгѕ жћѕн бш»«д,H,2,2,13,42
1262,WAJDI  JBILI,жћѕн ћ»нбн,H,2,2,13,37
1263,FATHI  DHIFLAOUI,Ё Ќн ÷нЁб«жн,H,2,1,3,54
1265,SAMI  CHAABEN,”«гн ‘Џ»«д,H,2,1,15,
1266,FATNASSI  MOURAD,г—«ѕ «бЁЎд«”н,H,2,1,1,
1267,MINAOUI  WAEL,ж«∆б гнд«жн,H,2,1,6,
1268,OTHMEN  JAROUDI,ЏЋг«д ћ—жѕн,H,2,1,2,
1269,CHEHIR  TOUILI,‘ен— «бЎжнбн,H,6,2,13,30
1270,MOHAMED  SALAOUI,гЌгѕ «б”б«жн,H,2,1,13,
1271,MOHAMED  RAHMANI,гЌгѕ —Ќг«дн,H,2,1,15,
1272,MONDHER  DHIFAOUI,гд–— ÷нЁ«жн,H,2,1,14,43
1273,ZIED  TARHOUNI,“н«ѕ «бЎ—еждн,H,2,2,13,29
1274,MOHAMED  RAHMANI,гЌгѕ «б—Ќг«дн,H,2,1,6,
1275,HOUSSEM  JAOUADI,Ќ”«г «бћж«ѕн,H,2,1,15,
1276,MOHAMED  SALLAMI,гЌгѕ «б”б«гн,H,2,1,6,
1277,OTHMEN  ABDELAOUI,ЏЋг«д Џ»ѕб«жн,H,2,2,13,22
1278,MOHAMED ALI  SEMII,гЌгѕ Џбн ”гнЏн,H,2,1,10,
1280,JAMIL  AYADA,ћгнб Џн«ѕ…,H,2,2,13,
1296,SAYED  HAJJI,«б”нѕ Ќ«ћн,H,1,1,15,16
1302,ISKANDAR  MBARKI,«”ядѕ— «бг»«—ян,H,2,1,15,35
1303,KAIS  ROMDHANI,ён” —г÷«дн,H,2,1,10,19
1307,RAMZI  TRABELSI,—г“н «бЎ—«»б”н,H,2,2,13,21
1312,NADER  BEN RAHAL,д«ѕ— »д «б—Ќ«б,H,2,2,13,57
1313,ZOUBAIER  MIEGHRI,“»н— гнџ—н,H,2,1,11,55
1314,ELFATHI  LIGA,«бЁ Ќн бнё…,H,2,1,1,
1315,MOHAMED  MBARKI,гЌгѕ г»«—ян,H,2,1,11,60
1316,MOHAMED  OUESLATI,гЌгѕ «бж”б« н,H,2,1,13,
1317,MOHAMED NADER  GHABI,гЌгѕ д«ѕ— «бџ«»н,H,2,1,1,
1318,WALID  FATNASSI,жбнѕ «бЁЎд«”н,H,2,1,11,
1319,KARIM  AMRI,я—нг Џ«г—н,H,2,1,2,59
1320,HAITHAM  JARRAY,енЋг ћ—ш«н,H,2,2,13,40
1322,AHMED  KHALIFA,√Ќгѕ ќбнЁ…,H,2,1,14,45
1323,MOURAD  BEN HAMOUDA,г—«ѕ »д Ќгжѕ…,H,2,2,13,46
1324,BILEL  HAMOUDI,»б«б Ќгжѕн,H,2,2,13,
1325,YASSIN  AMMARI,н«”нд «бЏг«—н,H,2,1,2,52
1326,TAREK  MAJED,Ў«—ё г«ћѕ,H,2,1,15,13
1327,MOHAMED HEDI  SELMI,гЌгѕ «бе«ѕн ”«бгн,H,2,1,1,
1329,MOHAMED  ZINA,гЌгѕ “нд…,H,2,1,15,14
1330,HAMZA  FAJJERI,Ќг“… «бЁћш«—н,H,2,2,13,2
1331,HAITHAM  TIOUA,енЋг  нже,H,2,2,13,26
1338,RAMZI  METHNANI,—г“н «бгЋд«дн,H,2,1,10,
1339,SABRI  HAJJI,’»—н Ќ«ћшн,H,2,1,7,48
1340,MUSLIM  KASRAOUI,г”бг «бя”—«жн,H,2,1,15,62
1341,RADHOUANE  DORII,—÷ж«д ѕ—Џн,H,2,1,1,
1343,AYMEN  DOUZI,√нгд «бѕж“н,H,2,1,15,49
1344,SOFIENE  MIEGHRI,”Ён«д гнџ—н,H,2,1,11,
1345,AYMEN  TROUDI,√нгд «бЎ—жѕн,H,2,1,4,
1346,MAHER  MESSAOUDI,г«е— г”Џжѕн,H,2,2,13,
1347,SABEUR  AOUISSAOUI,’«»— Џжн”«жн,H,2,2,13,24
1348,YOUSSEF  GDIRA,нж”Ё ёѕн—…,H,2,2,13,47
1349,HAYTHAM  TRABELSI,енЋг «бЎ—«»б”н,H,2,1,1,
1350,HAMDI  MILI,Ќгѕн «бгнбн,H,2,1,1,2
1351,GHAZI  HAMDI,џ«“н Ќгѕн,H,3,2,15,
1352,MOHAMED HACHEM  RAMMEH,гЌгѕ е«‘г «б—г«Ќ,H,4,2,13,
1353,AHMED  BEN KHEDHER,√Ќгѕ »д ќ÷—,H,5,2,13,38
1354,BILEL  JABNOUNI,»б«б ћ»дждн,H,2,1,2,56
1355,AYOUB  KHELIFI,√нж» ќбнЁн,H,2,1,2,
1356,ALI  TOUATI,Џбн «б ж« н,H,2,1,2,
1357,MOHAMED KHAMES  HMADI,гЌгѕ «бќ«г” Ќг«ѕн,H,4,2,13,
1358,TAREK  AYED,Ў«—ё Џн«ѕ,H,2,1,1,
1359,YOSRI  BALHOUDI,н”—н »бЌжѕн,H,2,1,7,48
1360,AHMED  MISSAOUI,√Ќгѕ гн”«жн,H,2,1,13,65
1361,ACHREF  DHAHRI,√‘—Ё ў«е—н,H,6,2,13,37
1362,HATEM TOUATI,Ќ« г «б ж« н,H,2,1,4,41
1369,SOUFIENE  DERBEL,”Ён«д ѕ—»«б,H,2,1,1,
1371,AMMAR  AMARA,Џг«— Џг«—…,H,1,2,13,
1373,ZIDANE  HMAIDI,“нѕ«д «бЌг«нѕн,H,2,2,13,
1374,HAMZA BEN SALEM  SELMI,Ќг“… »д ”«бг ”«бгн,H,2,1,13,64
1376,MOHAMED KHALIL  JAMLI,гЌгѕ ќбнб ћгбн,H,2,1,11,
1388,NIZAR  FARJALLAH,д“«— Ё—ћ «ббе,H,2,1,15,
1389,SABER  ELKAROUI,’«»— «бё—жн,H,2,1,15,
1392,YASINE  HAJJI,н«”нд «бЌ«ћн,H,2,2,13,
1393,YAHIA  JAMLI,нЌн ћгбн,H,2,1,12,
1394,HAMMADI  BELKHIRIA,Ќг«ѕн »«бќн—н…,H,2,2,13,
1395,NADER  BRIKI,д«ѕ— «б»—нян,H,2,2,13,
1396,MOHAMED  ARAIBI,гЌгѕ Џ—«н»н,H,2,1,13,
1397,MOHAMED  GHIDHAOUI,гЌгѕ џн÷«жн,H,2,2,15,
1398,SALAH  AROUSI,’«бЌ «бЏ—ж”н,H,2,2,15,
1399,MOUNIR  MECHI,гдн— г‘н,H,2,2,13,
