DECODVH,DEMATRI,DECATVH,DENBRPA,DENBRPD,DEDATEC,DECCENT,DECDELEG,deactif
1016,15-358154,1,29,,24/04/2015,1,15,0
1017,15-358155,1,29,,24/04/2015,1,15,0
1018,15-358156,1,29,,24/04/2015,1,15,0
1019,15-358157,1,29,,24/04/2015,1,15,0
1020,15-358158,1,29,,24/04/2015,1,15,0
2035,15-325185,2,25,58,07/12/1995,1,10,0
2044,15-326551,2,25,58,19/09/1996,1,10,0
2047,15-329388,2,25,58,04/11/1997,1,6,0
2048,15-330348,2,25,58,04/08/1998,1,10,0
2049,15-330349,2,25,58,04/08/1998,1,10,0
2051,15-330996,2,25,58,16/11/1998,1,4,0
2052,15-330997,2,25,58,16/11/1998,1,,0
2053,15-330998,2,25,58,16/11/1998,1,1,0
2054,15-330999,2,25,58,16/11/1998,1,19,0
2055,15-331000,2,25,58,16/11/1998,1,1,0
2056,15-331001,2,25,58,16/11/1998,1,2,0
2058,15-332934,2,25,58,28/06/1999,1,2,0
2059,15-338844,2,25,61,22/10/2002,1,12,0
2060,15-338845,2,25,61,22/10/2002,1,2,0
2061,15-342280,2,29,56,09/12/2004,1,7,0
2062,15-342281,2,29,56,09/12/2004,1,6,0
2063,15-342282,2,29,56,09/12/2004,1,11,0
2064,15-342575,2,29,56,11/02/2005,1,12,0
2065,15-342576,2,29,56,11/02/2005,1,6,0
2066,15-344661,2,27,63,30/08/2006,1,11,0
2067,15-344662,2,27,63,30/08/2006,1,12,0
2068,15-344663,2,27,63,30/08/2006,1,11,0
2069,15-344664,2,27,63,30/08/2006,1,3,0
2070,15-346919,2,29,56,04/02/2008,1,14,0
2071,15-352065,2,29,66,15/03/2011,1,2,0
2072,15-352066,2,29,66,15/03/2011,1,3,0
2073,15-352067,2,29,66,15/03/2011,1,6,0
2074,15-352068,2,29,66,15/03/2011,2,13,0
2075,15-353521,2,29,66,25/05/2012,1,2,0
2076,15-353522,2,29,66,25/05/2012,1,7,0
2077,15-353523,2,29,66,25/05/2012,1,2,0
2078,15-353524,2,29,66,25/05/2012,1,3,0
2079,15-358281,2,25,55,17/06/2015,1,1,0
2080,15-358282,2,25,55,17/06/2015,1,2,0
2081,15-358283,2,25,55,17/06/2015,1,11,0
2082,15-358284,2,25,55,17/06/2015,1,4,0
2083,15-358285,2,25,55,17/06/2015,1,1,0
2084,15-358280,2,25,55,17/06/2015,1,10,0
2085,15-358604,2,25,55,14/09/2015,1,2,0
2086,15-358605,2,25,55,14/09/2015,1,14,0
2087,15-358606,2,25,55,14/09/2015,1,1,0
2089,15-361155,2,27,66,03/09/2016,1,17,0
2090,15-361156,2,27,66,03/09/2016,1,6,0
2093,15-361160,2,27,66,03/09/2016,1,14,0
2095,15-361157,2,27,66,03/09/2016,1,14,0
2096,15-362567,2,25,55,21/08/2017,,10,0
2097,15-362568,2,25,55,21/08/2017,,12,0
2098,15-362569,2,25,55,21/08/2017,,1,0
2099,15-362570,2,25,55,21/08/2017,,1,0
2100,15-362848,2,28,95,23/10/2017,1,4,0
2101,15-362849,2,28,95,23/10/2017,1,19,0
2103,15-362851,2,28,95,23/10/2017,1,4,0
2104,15-362852,2,28,95,23/10/2017,1,18,0
2105,15-362853,2,28,95,23/10/2017,1,6,0
2107,15-366260,2,25,55,04/05/2020,1,10,0
2108,15-366261,2,25,55,04/05/2020,1,5,0
2109,15-366262,2,25,55,04/05/2020,1,4,0
2110,15-366263,2,25,55,04/05/2020,1,1,0
2111,15-370350,2,25,58,22/11/2024,1,10,0
2112,15-370351,2,25,58,22/11/2024,1,1,0
2113,15-370352,2,25,58,22/11/2024,1,12,0
2114,15-370353,2,25,58,22/11/2024,1,4,0
2115,15-370354,2,25,58,22/11/2024,1,14,0
2116,15-370355,2,25,58,22/11/2024,1,3,0
2117,15-370356,2,25,58,22/11/2024,1,2,0
2118,15-370357,2,25,58,22/11/2024,1,7,0
2119,15-370927,2,29,76,02/09/2025,1,14,0
2120,15-370965,2,29,76,02/09/2025,1,14,0
2121,15-370971,2,29,76,02/09/2025,1,13,0
2122,15-370988,2,29,76,02/09/2025,1,14,0
2123,15-371467,2,25,58,10/09/2025,1,4,0
2124,15-371468,2,25,58,10/09/2025,1,10,0
2125,15-371469,2,25,58,10/09/2025,1,11,0
2126,15-371470,2,25,58,10/09/2025,1,7,0
2127,15-371471,2,25,58,10/09/2025,1,12,0
2128,15-371629,2,25,58,07/10/2025,1,14,0
2129,15-371630,2,25,58,07/10/2025,1,7,0
2130,15-371631,2,25,58,07/10/2025,1,4,0
2131,15-371632,2,25,58,07/10/2025,1,11,0
2132,15-371633,2,25,58,07/10/2025,1,2,0
2133,15-371858,2,25,58,11/12/2025,,6,0
2134,15-371859,2,25,58,11/12/2025,,3,0
2135,15-371860,2,25,58,11/12/2025,,10,0
2136,15-371861,2,25,58,11/12/2025,1,10,0
2137,15-371862,2,25,58,11/12/2025,,7,0
2138,15-371863,2,25,58,11/12/2025,,14,0
2139,15-371864,2,25,58,11/12/2025,1,1,0
2140,15-371865,2,25,58,11/12/2025,,2,0
2141,15-371866,2,25,58,11/12/2025,,2,0
2601,15-370920,2,36,74,19/09/2025,1,1,0
2602,15-370939,2,36,74,19/09/2025,1,1,0
2604,15-370956,2,36,74,19/09/2025,1,1,0
2605,15-370987,2,35,76,19/09/2025,1,11,0
2606,15-370724,2,30,57,08/11/2025,2,13,0
2607,15-370727,2,30,57,08/11/2025,1,10,0
2608,15-370970,2,30,58,22/11/2025,1,16,0
3027,15-331096,3,32,99,07/07/1999,1,1,0
3050,15-340013,3,36,82,12/09/2003,1,10,0
3054,15-340131,3,36,82,06/10/2003,1,10,0
3060,15-341093,3,36,82,25/03/2004,1,10,0
3066,15-344831,3,32,93,18/12/2006,1,17,0
3068,15-344833,3,32,93,18/12/2006,1,17,0
3069,15-344834,3,32,93,18/12/2006,1,17,0
3070,15-344835,3,32,93,18/12/2006,1,1,0
3071,15-347827,3,32,93,24/07/2008,1,19,0
3072,15-347826,3,32,93,24/07/2008,2,19,0
3073,15-347825,3,32,93,24/07/2008,2,13,0
3074,15-347828,3,32,93,24/07/2008,1,17,0
3075,15-347829,3,32,93,24/07/2008,2,13,0
3076,15-351689,3,34,92,03/11/2010,2,19,0
3077,15-351759,3,34,92,02/12/2010,1,1,0
3078,15-351840,3,34,92,31/12/2010,1,1,0
3079,15-352459,3,34,92,15/06/2011,2,13,0
3080,15-352460,3,34,92,15/06/2011,2,13,0
3081,15-353132,3,34,92,07/12/2011,2,13,0
3082,15-353161,3,34,92,15/12/2011,1,1,0
3083,15-353414,3,34,92,30/03/2012,1,6,0
3084,15-353584,3,34,92,06/07/2012,1,3,0
3085,15-353653,3,34,92,23/08/2012,2,13,0
3086,15-354100,3,34,92,23/11/2012,1,1,0
3087,15-354101,3,34,92,23/11/2012,2,13,0
3088,15-354122,3,34,92,23/11/2012,1,1,0
3089,15-355959,3,34,92,14/02/2014,2,13,0
3090,15-355960,3,34,92,14/02/2014,2,13,0
3091,15-355961,3,34,92,14/02/2014,2,13,0
3092,15-355962,3,34,92,14/02/2014,2,13,0
3093,15-355963,3,34,92,14/02/2014,2,13,0
3094,15-355964,3,34,92,14/02/2014,2,19,0
3095,15-358286,3,34,95,17/06/2015,2,13,0
3096,15-358287,3,34,95,15/07/2015,2,13,0
3097,15-358288,3,34,95,15/07/2015,2,13,0
3098,15-358289,3,34,95,15/07/2015,2,13,0
3099,15-358290,3,34,95,15/07/2015,2,13,0
3100,15-362855,3,38,117,23/10/2017,1,17,0
3101,15-362856,3,38,117,23/10/2017,1,15,0
3102,15-364365,3,34,95,15/01/2019,2,13,0
3103,15-364366,3,34,95,15/01/2019,2,13,0
3104,15-364367,3,34,95,15/01/2019,2,13,0
3105,15-364368,3,34,95,15/01/2019,2,13,0
3106,15-364369,3,34,95,15/01/2019,2,13,0
4054,15-364050,4,53,,28/09/2018,1,7,0
4055,15-364051,4,53,,28/09/2018,1,15,0
4056,15-366935,4,53,,11/02/2021,1,15,0
4057,15-366936,4,53,,11/02/2021,1,15,0
4058,15-366937,4,53,,11/02/2021,1,15,0
4303,15-345926,43,70,0,20/06/2007,1,1,0
4304,15-353576,43,61,0,25/06/2012,1,19,0
4307,15-353580,43,61,0,25/06/2012,1,15,0
4308,15-353579,43,61,0,25/06/2012,1,17,0
4711,15-347572,47,51,,05/06/2008,1,1,0
4713,15-355921,47,51,,06/01/2014,1,6,0
4714,15-355922,47,51,,06/01/2014,1,6,0
4715,15-355923,47,51,,06/01/2014,1,6,0
4716,15-355924,47,51,,06/01/2014,1,0,0
4717,15-358008,47,55,,10/03/2015,1,15,0
4718,15-358009,47,55,,10/03/2015,1,0,0
4719,15-358010,47,55,,10/03/2015,1,15,0
4720,15-362498,47,53,0,28/07/2017,1,15,0
4721,15-362499,47,53,0,28/07/2017,1,0,0
4722,15-364291,47,53,0,21/12/2018,1,15,0
4723,15-364292,47,53,0,21/12/2018,1,15,0
4724,15-364293,47,53,0,21/12/2018,1,15,0
4725,15-364495,47,53,,05/07/2019,1,15,0
4726,15-364496,47,53,,05/07/2019,1,15,0
4727,15-368026,47,53,,28/11/2022,1,15,0
4728,15-368027,47,53,,28/11/2022,1,15,0
4729,15-368028,47,53,,28/11/2022,1,15,0
6002,119479ä Ê,3,25,80,19/08/2016,1,17,0
6003,18-143259,47,53,,20/10/2025,1,2,0
